{"cameraMode":{"drawMode":0,"name":"Shaded","section":"Shading Mode"},"sceneLighting":true,"audioPlay":false,"sceneViewState":{"showFog":true,"showMaterialUpdate":false,"showSkybox":true,"showFlares":true,"showImageEffects":true,"showParticleSystems":true},"in2DMode":false,"pivot":{"x":1068.4766845703125,"y":532.0302124023438,"z":-891.4917602539063},"rotation":{"x":0.0239857230335474,"y":-0.031485725194215778,"z":0.0007558264769613743,"w":0.9992163777351379},"size":81.39410400390625,"orthographic":false}